repo	pdf	Active-Directory/rbcd-cheatsheet.pdf
repo	pdf	Cryptography/GPG-Cheat_sheet.pdf
repo	pdf	Cryptography/GPG_Cheat_Sheet.pdf
repo	pdf	Enumeration/FFUF_Cheat_Sheet__2_.pdf
repo	pdf	Enumeration/netexec.pdf
repo	pdf	Enumeration/RustScan.pdf
repo	pdf	Exploitation/metasploit_cheatsheet_source__1_.pdf
repo	pdf	HTB/cheatsheet-file-inclusion.pdf
repo	pdf	HTB/cheatsheet-file-transfers.pdf
repo	pdf	HTB/cheatsheet-getting-started.pdf
repo	pdf	HTB/cheatsheet-intro-to-network-traffic-analysis.pdf
repo	pdf	HTB/cheatsheet-introduction-to-active-directory.pdf
repo	pdf	HTB/cheatsheet-javascript-deobfuscation.pdf
repo	pdf	HTB/cheatsheet-network-enumeration-with-nmap.pdf
repo	pdf	HTB/cheatsheet-sql-injection-fundamentals.pdf
repo	pdf	HTB/cheatsheet-stack-based-buffer-overflows-on-windows-x86.pdf
repo	pdf	HTB/cheatsheet-using-crackmapexec.pdf
repo	pdf	HTB/cheatsheet-using-the-metasploit-framework.pdf
repo	pdf	HTB/cheatsheet-web-requests.pdf
repo	pdf	HTB/cheatsheet-windows-fundamentals.pdf
repo	pdf	Linux/chmod-cheatsheet.pdf
repo	pdf	Linux/tty_shell_cheatsheet.pdf
repo	pdf	Misc/openssl-cheatsheet.pdf
repo	pdf	Misc/Overleaf Archive.pdf
repo	pdf	Password-Attacks/john-the-ripper-cheatsheet.pdf
repo	pdf	Password-Attacks/Password_Attacks_Cheat_Sheet.pdf
repo	pdf	Purple-Team/PTFM_ Purple Team Field Manual -- By Tim Bryant -- First Edition, United States, October 20, 2020 -- Independently Published; Pragma LLC -- 9781736526712 -- 588002f85367ddf0bd0e674980d8433c -- Anna’s Archive.pdf
repo	pdf	Web/Curk Document.pdf
vault	html	bloodhound_ce_cypher_cheatsheet.html
vault	pdf	Ligolo-ng Double Tunnel Guide.pdf
vault	pdf	Cryptography/GPG-Cheat_sheet.pdf
vault	pdf	Cryptography/GPG_Cheat_Sheet.pdf
vault	pdf	Enumeration/FFUF_Cheat_Sheet__2_.pdf
vault	pdf	Enumeration/netexec.pdf
vault	pdf	Enumeration/RustScan.pdf
vault	html	HashingAndEncrypting/argon2-cheatsheet.html
vault	pdf	Linux/chmod-cheatsheet.pdf
vault	pdf	Linux/tty_shell_cheatsheet.pdf
vault	pdf	Misc/Overleaf Archive.pdf
vault	pdf	PasswordAttacks/Password_Attacks_Cheat_Sheet.pdf
vault	pdf	TunnelingAndPivoting/Ligolo-ng - multi-hop tunneling setup and enumeration.pdf
vault	pdf	Web/Curl Document.pdf
vault	pdf	Web/phishing-identification-cheatsheet.pdf
vault	pdf	Web/phishing-identification-guide.pdf